{
  "hash": "56f842f0",
  "configHash": "ab85f3ab",
  "lockfileHash": "bd771154",
  "browserHash": "bde01d8c",
  "optimized": {
    "@angular/common": {
      "src": "../../../../../../node_modules/@angular/common/fesm2022/common.mjs",
      "file": "@angular_common.js",
      "fileHash": "ad882b15",
      "needsInterop": false
    },
    "@angular/common/http": {
      "src": "../../../../../../node_modules/@angular/common/fesm2022/http.mjs",
      "file": "@angular_common_http.js",
      "fileHash": "27cf5647",
      "needsInterop": false
    },
    "@angular/core": {
      "src": "../../../../../../node_modules/@angular/core/fesm2022/core.mjs",
      "file": "@angular_core.js",
      "fileHash": "7a76d788",
      "needsInterop": false
    },
    "@angular/forms": {
      "src": "../../../../../../node_modules/@angular/forms/fesm2022/forms.mjs",
      "file": "@angular_forms.js",
      "fileHash": "e3025ba7",
      "needsInterop": false
    },
    "@angular/platform-browser": {
      "src": "../../../../../../node_modules/@angular/platform-browser/fesm2022/platform-browser.mjs",
      "file": "@angular_platform-browser.js",
      "fileHash": "deb7432f",
      "needsInterop": false
    },
    "@angular/router": {
      "src": "../../../../../../node_modules/@angular/router/fesm2022/router.mjs",
      "file": "@angular_router.js",
      "fileHash": "534a9a0c",
      "needsInterop": false
    },
    "chart.js": {
      "src": "../../../../../../node_modules/chart.js/dist/Chart.js",
      "file": "chart__js.js",
      "fileHash": "590bc9b8",
      "needsInterop": true
    }
  },
  "chunks": {
    "chunk-T6T2KSQX": {
      "file": "chunk-T6T2KSQX.js"
    },
    "chunk-FBPAWXHO": {
      "file": "chunk-FBPAWXHO.js"
    },
    "chunk-7R4DMPQV": {
      "file": "chunk-7R4DMPQV.js"
    },
    "chunk-6UYYNCV3": {
      "file": "chunk-6UYYNCV3.js"
    },
    "chunk-EIB7IA3J": {
      "file": "chunk-EIB7IA3J.js"
    }
  }
}